null2,bsA
-94195.883723,-94195.248855
-94408.676437,-94408.676437
-94048.647031,-94048.647031
-94574.880127,-94574.893589
-95470.185231,-95470.185231
-94719.945529,-94719.948765
-94575.212388,-94575.212387
-94843.627193,-94843.627198
-95231.665810,-95230.913770
-95257.962394,-95257.962394
-94252.442339,-94252.442339
-94004.590497,-94004.590496
-94221.497162,-94221.497162
-95077.893802,-95077.893802
-94486.688447,-94486.688447
-95083.141123,-95083.141123
-95706.936013,-95706.936013
-94395.465769,-94395.402983
-95471.779213,-95471.779213
-95152.321729,-95152.321729
-95346.327069,-95346.327069
-95203.710276,-95203.710275
-95526.017508,-95526.017503
-94436.421411,-94436.421411
-93906.808959,-93906.808959
-94787.373480,-94787.373480
-95284.238268,-95284.222711
-95799.010973,-95799.010973
-94187.279982,-94187.111588
-95614.991053,-95614.991053
-94851.116220,-94851.120513
-95150.491908,-95150.491908
-94339.164291,-94339.164291
-94617.340807,-94617.340807
-94856.320506,-94856.320506
-95116.492129,-95116.492130
-93998.486382,-93998.486382
-95206.072211,-95206.072211
-94856.058171,-94856.058171
-94479.145704,-94479.145710
-95105.920771,-95105.980561
-94901.485089,-94901.485091
-96225.601117,-96225.601117
-94705.993531,-94705.993531
-95461.636597,-95461.461497
-95182.455756,-95182.455756
-95069.966735,-95069.966735
-94816.113792,-94816.113793
-94280.425709,-94280.425708
-94389.508851,-94389.505550
-94488.535773,-94488.535773
-94938.209163,-94938.209163
-95574.515235,-95574.515233
-95453.994101,-95453.577638
-93994.998779,-93994.445442
-94519.549238,-94519.549238
-94535.046474,-94535.046474
-93863.923343,-93863.923343
-94593.457955,-94593.457958
-93691.012767,-93691.034904
-95739.703947,-95739.703953
-95260.816357,-95260.176594
-95713.813040,-95713.813040
-94393.192375,-94392.907280
-95159.195084,-95159.195084
-93815.117205,-93815.117205
-94877.525587,-94877.525588
-95278.382504,-95278.382504
-93717.107315,-93717.107315
-93940.029775,-93940.029776
-95478.648135,-95478.648135
-94950.553478,-94950.553478
-94915.397224,-94915.397224
-94395.686866,-94395.686866
-95475.779981,-95475.779981
-95971.712484,-95971.614446
-95400.779230,-95400.779231
-94566.059078,-94566.059078
-94532.480743,-94532.480743
-95972.608246,-95972.608246
-94418.807196,-94418.807196
-94868.238534,-94868.238533
-94749.023798,-94748.851241
-93988.417706,-93988.417706
-95349.262045,-95349.262045
-94887.929335,-94888.053919
-94359.330932,-94358.895035
-94734.166602,-94734.166601
-95523.361542,-95523.361542
-95413.938291,-95413.938291
-95201.885407,-95201.885407
-95527.485953,-95527.485953
-94704.504958,-94702.842826
-95245.930133,-95245.930134
-93257.305864,-93257.305937
-94005.969985,-94005.745898
-94705.414832,-94705.414830
-93251.784832,-93251.784833
-95361.959513,-95361.959511
-95164.539034,-95164.539035
-94318.793944,-94318.793944
-94527.870348,-94527.875650
-95078.347970,-95078.347970
-95826.819336,-95826.819336
-93598.557598,-93598.523105
-94510.082296,-94510.031284
-95480.636046,-95480.636046
-94204.365393,-94204.365393
-95091.811615,-95091.811613
-96065.089620,-96064.552363
-95037.998148,-95036.549504
-96086.380694,-96086.380746
-95225.830394,-95225.824580
-94047.717227,-94047.248670
-94223.175116,-94223.175116
-94496.176703,-94496.177018
-94999.586281,-94999.586283
-94250.341666,-94250.341666
-95426.759494,-95426.759494
-96177.098066,-96177.098068
-94054.187820,-94054.195670
-95285.528004,-95285.528004
-95117.736003,-95117.736004
-94998.812784,-94998.855616
-95193.389125,-95193.389125
-94375.600682,-94375.600683
-95611.871012,-95611.871012
-94884.997025,-94884.997025
-95996.242441,-95996.242441
-95439.090728,-95439.090728
-95104.623857,-95104.623857
-95005.438906,-95005.438904
-93678.845616,-93678.845617
-95669.615099,-95669.615099
-94402.428341,-94401.846449
-94741.553397,-94741.553398
-95307.186342,-95306.975612
-95018.837743,-95018.830629
-94075.609492,-94075.609492
-95049.093952,-95049.093952
-95889.260930,-95889.260931
-95042.889930,-95042.889796
-95312.476134,-95312.174272
-95163.427800,-95163.427881
-95300.887922,-95300.887922
-94960.281101,-94960.281101
-94647.722756,-94647.073270
-93738.791937,-93738.791938
-94982.056507,-94982.056507
-94879.098352,-94878.398411
-94977.395348,-94977.395348
-94923.292642,-94921.270461
-95484.658881,-95484.658881
-94709.908346,-94709.890965
-94627.943137,-94627.943051
-94907.916395,-94907.916395
-94976.744207,-94976.744207
-94453.216412,-94453.211053
-93546.015740,-93546.015740
-95764.868601,-95764.868095
-94738.639092,-94738.639092
-95042.658921,-95042.658921
-95427.654051,-95427.654050
-94722.975063,-94722.975063
-94514.876598,-94514.876587
-95091.855403,-95091.580517
-94425.389097,-94425.389096
-95263.442341,-95263.209926
-95315.897994,-95315.897997
-94132.090260,-94132.090260
-95794.829374,-95794.829374
-94338.574350,-94338.574350
-94729.001523,-94729.001523
-93280.289087,-93280.289085
-95458.255627,-95458.255627
-94019.753215,-94019.387526
-94573.336092,-94573.468065
-94009.032749,-94009.032749
-95245.346792,-95245.346792
-95471.359728,-95471.359727
-95960.384324,-95960.384324
-94906.666856,-94906.606035
-94232.116348,-94232.116348
-95423.551038,-95423.401015
-95811.104891,-95811.092332
-95437.868286,-95437.868285
-95334.258599,-95334.258599
-94913.913769,-94913.913769
-94009.439166,-94009.439166
-95172.289616,-95172.112115
-95731.781001,-95731.781001
-96080.427052,-96080.426377
-95111.401841,-95110.754780
-94874.398526,-94874.448734
-94306.547538,-94305.389515
-95323.841004,-95323.841004
-95464.854451,-95463.982887
-93609.376161,-93609.376161
-95460.633854,-95460.633856
-95438.940759,-95438.940759
-95719.520419,-95719.520419
-94834.739636,-94834.739636
-94576.582634,-94576.582638
-95522.110343,-95522.110343
-93949.081603,-93949.081603
-94591.631888,-94591.631888
-95395.352939,-95395.357845
-95045.704649,-95045.704649
-93930.630390,-93930.630390
-95213.848185,-95213.848185
-94593.751837,-94593.751837
-95540.823545,-95540.823545
-95528.864055,-95528.850715
-94364.220086,-94364.220085
-95451.810021,-95451.743397
-94914.276395,-94914.276395
-94280.175788,-94280.175787
-94306.829900,-94306.829901
-94148.551707,-94148.551707
-94873.350304,-94873.350304
-93914.165102,-93914.165102
-97017.867348,-97017.867348
-95423.351454,-95423.351454
-94128.987937,-94128.980557
-95239.744366,-95239.700463
-95170.552136,-95170.552136
-95360.366368,-95360.366368
-95013.060136,-95013.060136
-95191.389095,-95191.389095
-94814.097166,-94814.097167
-94401.098427,-94401.095737
-94987.936168,-94987.936168
-93970.623109,-93970.623109
-94789.420831,-94789.420831
-95001.884737,-95001.884737
-94598.973705,-94598.973705
-95003.949657,-95003.949657
-95505.597064,-95505.597064
-95163.075702,-95163.075702
-94264.421724,-94264.421724
-94954.807845,-94954.807349
-94708.788000,-94708.788000
-95018.435201,-95018.393133
-94360.201789,-94360.201788
-93888.922948,-93888.926888
-94671.287526,-94671.289522
-95364.130993,-95364.130993
-95646.972877,-95646.972876
-94686.642800,-94686.642807
-95673.465089,-95673.465090
-93748.259222,-93748.259223
-95156.254378,-95156.254378
-94447.694491,-94447.694491
-95153.698655,-95153.698655
-94539.695652,-94539.695652
-94323.699307,-94323.699307
-93771.564406,-93771.564407
-93458.303091,-93458.303091
-94710.919185,-94710.919187
-94521.547932,-94521.547932
-95855.088935,-95854.969893
-94856.736505,-94856.068952
-94440.992919,-94440.992917
-94647.172895,-94647.172895
-95303.071501,-95303.071501
-93680.371092,-93680.294820
-94909.861544,-94909.861544
-95790.206105,-95790.206105
-94287.160090,-94287.125528
-95081.328247,-95081.328247
-94628.488846,-94628.488846
-94536.593631,-94536.282517
-94976.402695,-94976.402695
-94650.667743,-94650.660605
-94742.721926,-94742.721926
-95102.451121,-95102.451121
-94399.840497,-94399.840497
-95760.549974,-95760.549969
-95353.942025,-95353.942025
-95551.468644,-95551.468644
-94290.628731,-94290.628731
-95068.563272,-95068.700164
-94635.678803,-94635.678804
-94148.531992,-94148.531992
-95178.750617,-95178.750617
-94735.480914,-94735.555516
-94732.977600,-94732.977600
-94771.110330,-94771.110331
-95055.446511,-95055.446495
-96008.491235,-96008.491235
-94675.988748,-94675.988748
-94541.036640,-94541.036640
-95243.306165,-95243.306165
-94429.501917,-94429.397237
-94605.353267,-94605.353267
-95512.826536,-95512.818508
-94451.052718,-94451.052718
-94382.037965,-94382.037965
-95621.240218,-95621.240219
-95551.567067,-95551.567067
-94332.845166,-94332.845166
-94426.132308,-94426.132308
-94747.850756,-94747.850756
-94287.814867,-94287.814867
-94821.662231,-94821.662231
-95066.108156,-95066.108156
-94670.958801,-94670.958802
-95602.774741,-95602.845038
-96623.857234,-96623.858890
-95358.214560,-95358.214560
-94255.439138,-94255.410574
-94736.826436,-94734.693555
-95524.855316,-95523.591104
-94343.432981,-94343.432354
-94810.221805,-94810.221805
-95448.683131,-95448.683131
-94240.180499,-94240.180503
-95526.161492,-95526.227715
-95353.961292,-95353.961292
-93509.102613,-93509.102613
-93733.053676,-93732.534922
-94354.546848,-94354.546848
-95062.632572,-95062.632572
-94719.401680,-94719.401680
-95916.061353,-95916.061353
-95830.503826,-95830.434156
-95114.328828,-95114.328828
-94893.654824,-94893.664874
-94862.530186,-94862.530189
-96224.894962,-96224.894962
-94386.630214,-94386.252461
-94913.574292,-94913.670335
-95400.817263,-95400.804101
-94403.746449,-94403.746449
-94081.439184,-94081.439184
-94920.702399,-94920.702399
-95562.295025,-95562.295025
-95016.377330,-95015.597490
-95442.325667,-95442.325667
-95984.667676,-95984.667673
-94319.336454,-94319.336452
-94373.009454,-94372.723463
-94977.611550,-94977.452255
-94606.902279,-94606.900284
-94528.669590,-94528.669590
-95373.513137,-95373.254706
-94311.329127,-94311.329127
-95337.592812,-95337.592812
-93852.272115,-93852.272115
-95231.429428,-95231.429427
-95304.994716,-95304.980133
-95196.232339,-95195.835715
-94620.180010,-94619.307079
-94969.531187,-94969.531191
-96160.549546,-96160.549546
-94827.958558,-94827.958558
-94408.436482,-94405.670444
-94445.620610,-94445.327153
-95197.603119,-95197.603127
-95635.641592,-95635.641593
-95350.255515,-95350.255516
-94927.652305,-94927.652305
-94316.055109,-94315.727409
-94333.728728,-94333.728728
-94831.355089,-94831.355088
-94826.125177,-94826.125177
-95140.384383,-95140.384383
-95037.875985,-95037.607849
-95126.280210,-95126.280209
-94758.271744,-94758.271744
-94747.298820,-94747.298820
-94339.351797,-94339.351797
-94320.441661,-94320.441662
-94874.913663,-94874.913664
-94070.880616,-94070.880615
-94745.530320,-94742.142479
-94259.400279,-94259.473696
-94828.747015,-94828.747015
-93928.446186,-93928.446186
-95274.392322,-95274.392324
-95484.067936,-95484.067936
-94733.863105,-94733.863105
-95715.897938,-95715.796355
-94509.461303,-94509.461304
-95438.769346,-95438.768553
-95014.869817,-95014.869816
-94196.798397,-94196.659573
-95084.318624,-95084.330231
-96009.243948,-96009.129073
-95666.173774,-95666.058328
-94185.402661,-94185.402661
-93701.437776,-93701.437776
-94570.641800,-94570.033152
-94833.989454,-94833.989454
-95336.007499,-95335.453887
-95299.224859,-95299.224857
-94042.044412,-94041.691649
-94527.825537,-94527.825537
-95603.622083,-95603.622083
-95724.538114,-95724.538115
-94306.901435,-94306.901435
-94675.651832,-94675.651832
-94382.647236,-94382.617015
-95488.838473,-95488.838473
-95654.936543,-95654.936543
-94770.939815,-94770.939815
-95074.295577,-95074.295577
-94664.100637,-94664.100637
-94813.918889,-94813.918889
-95308.495425,-95308.489173
-94986.769272,-94986.769272
-95382.171896,-95382.171894
-94568.777650,-94568.777651
-94577.124392,-94577.124392
-95186.587937,-95186.587938
-95059.061503,-95059.061503
-95501.984006,-95501.984006
-94778.407491,-94778.177530
-94466.331283,-94466.331282
-93729.401787,-93729.401784
-95315.084122,-95315.084119
-95531.520369,-95530.634086
-96158.938326,-96158.938326
-94747.367958,-94746.139406
-96446.324049,-96446.324050
-96542.874342,-96541.223110
-95462.474485,-95462.474424
-94581.801943,-94581.801943
-95231.744113,-95231.744113
-94210.739867,-94210.739868
-94978.698719,-94978.698719
-95236.308427,-95236.308427
-95825.082475,-95825.082475
-94449.659917,-94449.659917
-94986.159455,-94986.159454
-94479.642038,-94479.642037
-95071.348039,-95071.348039
-94267.738708,-94267.738708
-94231.097532,-94231.097532
-94398.994235,-94398.994237
-94000.816528,-94000.816528
-95706.731346,-95706.731346
-95066.080775,-95066.076698
-93881.023142,-93881.023142
-94988.521037,-94988.521037
-95094.581885,-95094.581885
-94632.630379,-94632.630379
-95046.331972,-95046.331972
-95144.114264,-95144.114264
-95214.931606,-95214.931602
-94932.067886,-94932.067886
-94320.051382,-94320.051382
-94999.106352,-94999.106354
-95124.629857,-95124.086396
-94495.441858,-94495.441858
-94802.438173,-94801.472587
-95867.538586,-95867.538586
-95373.942760,-95373.942760
-96818.957441,-96818.957442
-94918.686384,-94918.686384
-94881.281989,-94881.281988
-94084.491242,-94084.491243
-95234.603297,-95234.603334
-95578.633780,-95578.633040
-94528.984295,-94528.984296
-95040.013336,-95039.987997
-95875.578964,-95875.578961
-94725.257967,-94725.257967
-96140.033626,-96140.033626
-95314.818727,-95314.818727
-95037.501276,-95037.401634
-95161.380139,-95161.380139
-94309.666408,-94309.666410
-94092.598431,-94092.598431
-95057.781225,-95057.739554
-94550.893086,-94550.893085
-96257.941302,-96257.941302
-95818.257734,-95818.257734
-94045.343988,-94045.343988
-95252.295323,-95252.290038
-95190.514461,-95190.514461
-95321.888344,-95321.888343
-95165.828340,-95165.828340
-93970.049704,-93970.049704
-95187.296961,-95187.296962
-94736.340612,-94733.726427
-94423.392109,-94423.372336
-96068.230744,-96068.230744
-94185.743449,-94187.264719
-94341.752938,-94341.799697
-95149.221580,-95149.221580
-94014.187370,-94014.087428
-94491.470587,-94491.470586
-95129.324733,-95129.324733
-94423.013797,-94423.013797
-94856.597962,-94856.597962
-95903.630067,-95902.991165
-94539.662240,-94539.662240
-94572.335474,-94572.335474
-94220.581237,-94220.581237
-96269.986255,-96269.986255
-95217.378021,-95217.378021
-95259.076193,-95259.076193
-94436.188201,-94436.188199
-94443.755998,-94443.756009
-94470.061514,-94470.055814
-95218.349253,-95218.349253
-94872.577284,-94872.577284
-95088.359460,-95088.359460
-95927.680089,-95927.268669
-95425.791788,-95425.791789
-94709.718695,-94709.718695
-94182.940762,-94183.069071
-94471.746839,-94471.842167
-95627.768062,-95627.768062
-95157.856321,-95157.856321
-93752.041419,-93752.041419
-94884.397483,-94884.397484
-95292.897374,-95292.897374
-93965.883049,-93965.883049
-95781.785359,-95781.785359
-95247.196195,-95247.196195
-94452.240979,-94452.240979
-94420.102229,-94420.102229
-94478.216808,-94478.216810
-93577.535482,-93577.284208
-95085.845706,-95085.622914
-95068.588195,-95067.598419
-95337.785659,-95337.785659
-93424.506191,-93424.506190
-94443.012545,-94443.003435
-94620.313256,-94620.313256
-95046.001328,-95045.115695
-94627.322828,-94627.322828
-94282.801685,-94282.801685
-95356.526094,-95356.526094
-95058.295596,-95058.295596
-94619.029383,-94616.690527
-94210.056354,-94209.340204
-95010.034618,-95010.034618
-94904.527242,-94904.527242
-94760.917658,-94760.917658
-94521.462535,-94521.462536
-95299.994863,-95299.994819
-95485.253863,-95484.853063
-95190.988928,-95190.988928
-95225.956471,-95225.956471
-94954.609956,-94954.609376
-94326.916353,-94326.916353
-95008.547193,-95008.547193
-95337.568928,-95335.605479
-94985.051627,-94984.911916
-95214.527679,-95214.330400
-97054.306140,-97054.047935
-95421.029628,-95421.029628
-95606.601016,-95606.827057
-94926.893655,-94926.591521
-94814.774823,-94814.660151
-94513.768586,-94513.099255
-95634.685993,-95634.685993
-94710.555189,-94709.784869
-95071.213559,-95071.213559
-94658.331122,-94658.331122
-94993.895076,-94992.714374
-94572.642509,-94572.642504
-95409.327847,-95409.327847
-95428.981137,-95428.981137
-95576.286393,-95575.450847
-95905.580927,-95903.961613
-95975.641928,-95975.641928
-95111.991954,-95111.991955
-95770.224508,-95770.224508
-94915.363301,-94915.363301
-94337.165541,-94337.165541
-94296.428068,-94296.428068
-94684.288024,-94684.288024
-94217.647663,-94217.641449
-95328.251463,-95328.251463
-95339.310645,-95339.284781
-94905.095493,-94905.095496
-96033.889436,-96033.889436
-94172.065314,-94172.065314
-94841.998634,-94841.975796
-92903.880732,-92903.880732
-95066.654713,-95066.654714
-95016.507434,-95016.507434
-96024.841599,-96024.841599
-94963.592676,-94963.592677
-94997.733679,-94997.523081
-95158.233206,-95158.233206
-94124.876838,-94124.797639
-95176.176344,-95176.168718
-94853.368447,-94853.098586
-94173.336014,-94173.336014
-95362.737871,-95362.737872
-94634.763839,-94634.911281
-95287.591023,-95287.591023
-93296.543821,-93296.543821
-95554.426948,-95554.426948
-94827.655344,-94827.655344
-94525.198005,-94525.137136
-94887.878023,-94887.878023
-94183.500205,-94183.500205
-94660.501073,-94660.501073
-94466.097532,-94466.097532
-95030.286163,-95030.286163
-94858.819811,-94858.819811
-95039.735270,-95039.735270
-95125.044094,-95125.145714
-96033.586489,-96033.586489
-95362.902781,-95362.902781
-94374.710499,-94374.710498
-94878.112525,-94878.112525
-94549.496732,-94549.470931
-95641.597708,-95641.597708
-95882.555758,-95882.555761
-94211.931383,-94211.931383
-94918.902580,-94918.899889
-95083.799952,-95083.799952
-93815.855992,-93815.855992
-94238.617326,-94237.970911
-94508.022677,-94508.022676
-94147.862942,-94147.862942
-94996.951193,-94996.951194
-94980.040760,-94980.040759
-94776.366919,-94776.366919
-93335.928932,-93335.929764
-95440.900547,-95440.900549
-94528.338408,-94528.338409
-94331.764590,-94331.770700
-95849.660434,-95849.660434
-94667.973790,-94667.973790
-93988.382460,-93988.217586
-95094.160956,-95094.160956
-95810.272417,-95810.272417
-94813.448457,-94813.448457
-94404.727645,-94404.727645
-95404.217731,-95403.880752
-95077.726504,-95077.471241
-95599.142328,-95600.327028
-94335.542071,-94335.542071
-94646.783331,-94646.783328
-93817.507262,-93815.578542
-95703.383473,-95703.383473
-95924.169206,-95924.169205
-94610.726434,-94610.726434
-94087.370078,-94087.370078
-93991.020082,-93991.020083
-94378.856834,-94378.811266
-94895.072829,-94895.072829
-94599.441373,-94599.441373
-95809.667190,-95809.667191
-94647.834032,-94647.821624
-94659.695359,-94659.695359
-95467.014342,-95467.014342
-94269.321269,-94269.321269
-94173.728019,-94173.728019
-94683.520737,-94683.520735
-95911.588984,-95911.588985
-95020.842713,-95020.842714
-94667.493505,-94667.493505
-95046.697941,-95046.697941
-93172.794698,-93172.794778
-95684.967651,-95684.967651
-94685.876489,-94685.876489
-94316.220440,-94314.823147
-95210.224390,-95210.224390
-95607.499892,-95607.499892
-95191.358019,-95190.786020
-93461.248236,-93461.248239
-94645.245001,-94644.153327
-96668.678017,-96668.672929
-94250.145780,-94250.145780
-94142.293779,-94141.992391
-95149.858359,-95149.858359
-94346.472726,-94345.639667
-94358.872240,-94358.836627
-95025.630019,-95025.241514
-94337.712348,-94337.286870
-94682.944129,-94682.944129
-95046.721027,-95046.721009
-95551.941208,-95551.005244
-94494.763480,-94494.763480
-95345.777337,-95345.599108
-95126.318577,-95126.318576
-94835.321835,-94835.321837
-94330.289099,-94330.285848
-94954.643241,-94954.643242
-94879.454208,-94879.454198
-95360.657983,-95360.657974
-94973.019609,-94973.019609
-93821.224676,-93820.347917
-95591.324807,-95591.324807
-95203.921057,-95203.921058
-95560.921182,-95560.921182
-95264.373913,-95264.373916
-94923.524751,-94923.524751
-93804.557965,-93804.557965
-95173.501032,-95173.501033
-95317.347976,-95317.309071
-94970.452617,-94970.452617
-96192.947707,-96192.947707
-94199.466946,-94199.466947
-94132.621765,-94132.619099
-94074.166331,-94074.166330
-95911.579373,-95911.579373
-95467.435686,-95467.435686
-94951.111953,-94951.111953
-93991.988065,-93990.496873
-94668.492884,-94668.492884
-95552.986702,-95552.933577
-94730.871635,-94729.726355
-94628.927992,-94628.927993
-95268.716471,-95268.716471
-94931.625010,-94931.625010
-94272.245899,-94272.245899
-93683.774056,-93683.774056
-94785.087457,-94785.087457
-94842.485028,-94842.485028
-95219.306836,-95219.306836
-93896.291920,-93896.378275
-95462.236923,-95462.236923
-94559.717996,-94559.717997
-94640.704803,-94640.704803
-94252.404672,-94252.404672
-94609.246337,-94609.142721
-95947.928462,-95947.928462
-95160.767181,-95160.767181
-95284.876366,-95284.876366
-96076.506319,-96076.506319
-95775.108583,-95774.994521
-94959.575628,-94959.575628
-95616.416753,-95616.416754
-94778.357095,-94778.357095
-94575.999967,-94575.999967
-95893.420580,-95893.420580
-93839.666015,-93839.173231
-94870.528478,-94870.528478
-94187.586688,-94187.586687
-94447.451398,-94447.458964
-95278.378696,-95278.376957
-94460.102962,-94460.102962
-93861.573529,-93861.575097
-95466.116828,-95466.116828
-95034.370758,-95034.370758
-93552.601975,-93552.601975
-94603.898481,-94603.898481
-93833.543500,-93833.489497
-95282.401368,-95282.401368
-95361.987876,-95361.987876
-95062.992334,-95062.992334
-95748.446271,-95748.446271
-94832.156808,-94832.156808
-94740.621163,-94740.621162
-94672.410518,-94672.410518
-94573.350693,-94573.350693
-93893.505903,-93893.505903
-95311.860419,-95311.860419
-95339.571653,-95339.571653
-95187.489059,-95187.489060
-94923.675325,-94923.675325
-94043.333700,-94041.814983
-95360.147033,-95360.147033
-95673.694988,-95673.694988
-95708.932800,-95708.932800
-94356.210851,-94356.210851
-94730.580721,-94730.580718
-95063.863405,-95063.863403
-95231.407981,-95231.407981
-95171.730623,-95171.730623
-95148.851914,-95148.851914
-96139.238168,-96139.238168
-95358.055686,-95357.049965
-95678.551324,-95678.296442
-94584.960176,-94584.960177
-94819.281534,-94819.281534
-94375.211166,-94375.211166
-94583.413689,-94582.198388
-94867.332973,-94867.332972
-94361.812610,-94361.812609
-94449.453305,-94449.462901
-95144.701322,-95144.701322
-94593.164174,-94593.164174
-94532.296971,-94532.296971
-94801.406702,-94801.406702
-95128.518765,-95128.518765
-95226.434402,-95226.434402
-94094.050563,-94093.028033
-94837.115693,-94837.115693
-95350.649346,-95350.649347
-95425.989812,-95425.884583
-94816.330261,-94816.330261
-95644.651885,-95644.651885
-94122.685243,-94122.819648
-93515.097395,-93515.097395
-94458.213090,-94458.213089
-95910.652260,-95910.652260
-94060.096125,-94060.096125
-95174.592272,-95174.592273
-94925.645417,-94925.645338
-94239.516551,-94239.516551
-95409.669119,-95409.669119
-95352.340479,-95352.340479
-95103.301969,-95103.301970
-95052.600476,-95052.600476
-95170.754671,-95170.754671
-95445.089007,-95445.089006
-94307.936008,-94307.936008
-95499.236621,-95499.236621
-95083.044413,-95083.044413
-95202.367938,-95202.367938
-94594.134309,-94594.373465
-95111.948882,-95111.948882
-95368.651876,-95368.604259
-94701.647642,-94701.647643
-95493.052404,-95493.052404
-95585.493588,-95585.493588
-93738.566852,-93738.566852
-95033.997855,-95033.155678
-94406.655661,-94404.977391
-93820.338985,-93820.335263
-93936.296815,-93936.296815
-95440.567143,-95440.567143
-95118.919230,-95118.919230
-95654.376491,-95654.376491
-94296.489996,-94296.489996
-94097.531885,-94097.528874
-94873.616752,-94873.616758
-94705.577456,-94705.577456
-94929.798007,-94929.798007
-95746.438792,-95746.438792
-95174.534153,-95174.534153
-94988.100234,-94988.100234
-94386.404271,-94386.404270
-94843.541906,-94843.541906
-94005.107866,-94005.107866
-93895.588339,-93895.588338
-94034.216759,-94034.216759
-94327.301929,-94327.301930
-94798.616935,-94798.616935
-94584.720411,-94584.716823
-94713.767485,-94713.767485
-95447.180664,-95447.180663
-95318.533392,-95318.533390
-94616.203710,-94616.203710
-95663.014253,-95662.880303
-96684.999467,-96684.999467
-94899.000310,-94899.000310
-94695.218218,-94695.218217
-94970.164122,-94970.165453
-93908.684728,-93908.684771
-94254.942423,-94254.942423
-94636.762520,-94636.762520
-95525.251416,-95525.251416
-95231.093061,-95231.093062
-93868.239308,-93867.417281
-94484.097971,-94484.097971
-95017.890467,-95017.890467
-95023.941086,-95023.941086
-95363.516218,-95362.394927
-94913.107103,-94913.107103
-94990.478189,-94990.478189
-94895.077977,-94894.483650
-94514.253461,-94514.253460
-95523.998312,-95523.998312
-96756.378417,-96756.378417
-95583.014992,-95583.014991
-95123.974923,-95123.974922
-94808.480217,-94808.480217
-95972.985392,-95972.707223
-94207.624876,-94207.624878
-94262.839109,-94262.839109
-94246.353893,-94246.353892
-95116.781050,-95116.781050
-94076.892475,-94076.892474
-94552.173794,-94552.173794
-94745.530636,-94745.530636
-94069.613737,-94069.613737
-94696.239112,-94696.159548
-94910.158261,-94910.158261
-94847.994401,-94847.993262
-95643.521910,-95643.521911
-94779.074972,-94779.074972
-95126.928108,-95126.928108
-94536.387040,-94536.387040
-94614.459828,-94614.459828
-95531.292602,-95531.292602
-94963.889943,-94963.889943
-94566.846597,-94566.846595
-94664.081667,-94664.081667
-94557.160189,-94557.160189
-94540.592946,-94540.594286
-95353.462087,-95353.462087
-95314.448028,-95314.448032
-95234.001802,-95234.007860
-95893.744193,-95893.738902
-94414.298029,-94414.078004
-95347.966376,-95347.966377
-94107.929683,-94107.949975
-95532.199864,-95532.199524
-95064.696880,-95064.243928
-95544.584982,-95544.584982
-94193.180048,-94193.180054
-94709.379024,-94709.381156
-95104.844241,-95104.844241
-94498.190761,-94497.650052
-95087.032638,-95087.032638
-94494.315499,-94494.315500
-95614.089871,-95614.067069
-94366.531305,-94366.531305
-94839.991757,-94839.991757
-94945.305365,-94945.305365
-94207.298096,-94206.928281
-94729.098285,-94729.096180
-95313.448702,-95313.448702
-94337.317868,-94337.317865
-94249.885016,-94249.885017
-95711.272231,-95711.240569
-96242.044748,-96242.044748
-94838.227582,-94838.227582
-95300.389346,-95300.389346
-95262.898197,-95262.670803
-95564.961752,-95564.961752
-95304.889552,-95304.889552
-94948.610908,-94948.430698
-95413.681047,-95413.130143
-95080.035009,-95080.078108
-95274.718685,-95274.718685
-96163.825582,-96163.825582
-94698.888101,-94698.876445
-95056.948810,-95056.948810
-95271.104923,-95271.104923
-94885.370484,-94885.370489
-95810.340957,-95810.336713
-94884.319678,-94884.289436
-96144.468480,-96144.040807
-94931.710012,-94931.710012
-95625.202350,-95625.202350
-94014.159417,-94014.159420
-95346.354247,-95346.354247
-95175.563471,-95175.563471
-94838.797314,-94838.797314
-93962.888150,-93962.116358
-95315.033944,-95315.033943
-94334.103918,-94334.104165
-94834.127793,-94834.127793
-94887.895213,-94887.895213
-95383.200346,-95383.200346
-94627.156969,-94627.156969
-94410.776160,-94410.774489
-94254.200326,-94254.200326
-96891.915180,-96891.915180
-94270.455139,-94270.455139
-95420.663151,-95420.663151
-95094.922117,-95094.922117
-94451.940107,-94451.262749
-94452.928457,-94452.928457
-95430.583566,-95430.583566
-94889.263584,-94889.263584
-95255.133400,-95255.133400
-94272.652607,-94272.652607
-94988.856868,-94988.825900
-95503.600381,-95503.600381
-95667.828269,-95667.796187
-95136.769809,-95136.769809
-94922.497368,-94922.497369
-95290.163984,-95286.047295
-95449.331597,-95449.331597
-95544.930050,-95544.930050
-94285.564109,-94284.026668
-95115.146455,-95115.146455
-94837.187588,-94837.199653
-96247.824789,-96247.824789
-94553.739443,-94553.739445
-94819.322247,-94819.322247
-96353.135467,-96353.135466
-95574.181548,-95574.181544
-95108.605088,-95108.605088
-94644.837463,-94644.837463
-94775.690071,-94775.690071
-94981.247201,-94981.135910
-93818.923046,-93818.923046
-94246.888198,-94246.888198
-94913.416270,-94913.416270
-95295.505575,-95295.505576
-95636.649936,-95636.649936
-95895.209181,-95895.209180
-95289.357454,-95289.357454
-94834.878338,-94834.878339
-94769.691506,-94769.691506
-96069.463485,-96069.463485
-95175.363542,-95175.363542
-95621.336247,-95621.336247
-96167.850667,-96167.850667
-94637.909752,-94637.850171
-96510.251118,-96510.251117
-94203.619860,-94203.619860
-95214.138376,-95214.138363
-95189.603183,-95189.601192
-94707.625078,-94707.416739
